{
  "model_path": "models/superior_vae_ultimate.pth",
  "timestamp": "2025-10-05T12:20:50.048929",
  "device": "mps",
  "total_parameters": 33513370,
  "recon_mse": 0.06329386569559574,
  "recon_mae": 0.13035715967416764,
  "recon_correlation": 0.9043820023536682,
  "recon_quality_score": 0.8915347578004003,
  "gen_diversity": 13.315232303191204,
  "gen_diversity_std": 4.633340511954818,
  "gen_visual_quality": 0.585088312625885,
  "gen_quality_score": 6.950160307908544,
  "latent_smoothness": 0.8753921931555149,
  "interpolation_quality": 0.8680361971221643,
  "latent_score": 0.8717141951388396,
  "class_separation": 1.332367647488912,
  "class_consistency": 0.12402896343609926,
  "conditional_score": 0.7281983054625056,
  "overall_score": 2.664324197216058,
  "grade": "A+ - EXCEPTIONAL"
}