{
  "model_path": "models/superior_vae_ultimate.pth",
  "timestamp": "2025-10-05T12:20:20.615059",
  "device": "mps",
  "total_parameters": 33513370,
  "recon_mse": 0.06329386569559574,
  "recon_mae": 0.13035715967416764,
  "recon_correlation": 0.9043820023536682,
  "recon_quality_score": 0.8915347578004003,
  "gen_diversity": 12.522552592997648,
  "gen_diversity_std": 4.560639540222072,
  "gen_visual_quality": 